{
  "fixtureTypeFromLib": "alphaBeam1500",
  "home": {
    "x": 0.1744328870405229,
    "y": 0.7922748391056202,
    "r": 0,
    "frost": 1,
    "focus": 0,
    "dim": 1,
    "shutterOpen": false,
    "colorWheelIndex": 0,
    "CTOin": false
  },
  "increment": {
    "x": 0.4,
    "y": 0.6,
    "r": 10,
    "frost": 10,
    "focus": 10,
    "dim": 25
  },
  "boundaries": {
    "x": {
      "min": 0,
      "max": 1
    },
    "y": {
      "min": 0,
      "max": 1
    },
    "r": {
      "min": 0.05,
      "max": 1
    },
    "frost": {
      "min": 0,
      "max": 1
    },
    "focus": {
      "min": 0,
      "max": 1
    },
    "dim": {
      "min": 0,
      "max": 1
    }
  },
  "translation": {
    "origin": {
      "x": 0.158,
      "y": 0.815
    },
    "regression": {
      "x": [
        -2,
        4,
        2
      ],
      "y": [
        -2,
        4,
        2
      ],
      "a": [
        -4.512185309196076,
        0.617278171101228,
        10.26480319329304,
        7.664305702100285,
        0.611541786191553,
        -6.833271061887547
      ],
      "b": [
        -12.342455707812663,
        2.664199510752062,
        24.854793800608206,
        5.915651056182894,
        -21.524329487172768,
        -11.962219725826852
      ]
    }
  },
  "connection": {
    "net": 0,
    "universe": 0,
    "subnet": 0,
    "address": 1
  },
  "control": {
    "keyboard": {
      "config": {
        "modifier": 0.001
      },
      "mapping": {
        "yInc": "ArrowUp",
        "yDec": "ArrowDown",
        "xInc": "ArrowRight",
        "xDec": "ArrowLeft",
        "snap": ".",
        "dimUp": "-",
        "dimDown": ",",
        "bigger": "p",
        "smaller": "i"
      }
    },
    "gamepad": {
      "typeFromLib": "xboxOneControllerDefault",
      "mappingFromLib": "legacy"
    }
  }
}