{
  "fixtureTypeFromLib": "alphaBeam1500",
  "home": {
    "x": 0.13798920052367405,
    "y": 0.8306769826510988,
    "r": 0,
    "frost": 0,
    "focus": 0,
    "dim": 1,
    "shutterOpen": false,
    "colorWheelIndex": 0,
    "CTOin": false
  },
  "increment": {
    "x": 0.4,
    "y": 0.6,
    "r": 10,
    "frost": 10,
    "focus": 10,
    "dim": 25
  },
  "boundaries": {
    "x": {
      "min": 0,
      "max": 1
    },
    "y": {
      "min": 0,
      "max": 1
    },
    "r": {
      "min": 0,
      "max": 1
    },
    "frost": {
      "min": 0,
      "max": 1
    },
    "focus": {
      "min": 0,
      "max": 1
    },
    "dim": {
      "min": 0,
      "max": 1
    }
  },
  "translation": {
    "regression": {
      "degree": 4,
      "a": [
        451.6016023289171,
        72.4826375267218,
        -2255.4108615839173,
        -290.3549703601816,
        -29.211037924821802,
        4217.25151412671,
        269.032231504905,
        351.54525001365903,
        -188.62192626201053,
        -3498.4239748513296,
        217.7686103620906,
        -260.67217031810515,
        -121.33807420748636,
        -59.87227910276314,
        1085.0099556093953
      ],
      "b": [
        562.4747459868178,
        330.02512814861944,
        -2880.9835644690584,
        -1079.3753186795693,
        -378.14163317339404,
        5477.6960115903885,
        750.2477327805311,
        1205.6607067217935,
        225.9307494402624,
        -4595.587285905234,
        197.81367650871903,
        -519.0240040227592,
        -433.6805599308662,
        -601.7390511293322,
        1438.2389258843891
      ],
      "fitError": 0.000013333403308697654
    },
    "inverseRegression": {
      "degree": 4,
      "a": [
        0.09773168530263522,
        0.1847058982061264,
        0.012628296089715264,
        -0.04352682489472003,
        -0.05029023405070524,
        -0.08125552813489009,
        0.03791797777382067,
        -0.026936419892751154,
        0.01987918872441205,
        0.14237795299793482,
        -0.015815533615531792,
        0.017982987405539386,
        0.009243131556880464,
        0.0005914624886670315,
        -0.06725734733872099
      ],
      "b": [
        0.7415709403890438,
        -0.08005390032813016,
        0.15717586445700588,
        0.04660157955228504,
        0.14313739180615037,
        -0.09513387420907993,
        -0.08201872298189644,
        -0.11430460563995765,
        -0.08992207208698985,
        0.20246168839655407,
        0.0171194653440739,
        0.060896770735445076,
        0.05117382329207486,
        0.03965403540325159,
        -0.09935391704970986
      ],
      "fitError": 2.7247293603679925e-7,
      "roundTripError": 0.0000023983382121391795
    },
    "lastCalibration": {
      "calibPoints": [
        [
          0.11563436516216791,
          0.7504163015108455
        ],
        [
          0.13287244056892972,
          0.7456287779280931
        ],
        [
          0.14857558597953108,
          0.7433950334582441
        ],
        [
          0.16392207672606326,
          0.743862543182478
        ],
        [
          0.17910226374550584,
          0.7433563536636615
        ],
        [
          0.19379925466917536,
          0.7455187732608524
        ],
        [
          0.20834480121312315,
          0.748491957887796
        ],
        [
          0.22214880163355272,
          0.7530919061283498
        ],
        [
          0.23704358174381263,
          0.7595661571044777
        ],
        [
          0.1150826708585115,
          0.7642310912591053
        ],
        [
          0.13137892284867544,
          0.7595700965025323
        ],
        [
          0.147603690719086,
          0.758379747020094
        ],
        [
          0.1630709521330513,
          0.758379747020094
        ],
        [
          0.17667936189543268,
          0.7566576125633547
        ],
        [
          0.1914823247227635,
          0.7579270336932477
        ],
        [
          0.2057152865562392,
          0.761573064735128
        ],
        [
          0.21979467255981613,
          0.7650049659002696
        ],
        [
          0.2337975522779366,
          0.7706321979625603
        ],
        [
          0.11449780791633707,
          0.7790324862040219
        ],
        [
          0.1302392995645143,
          0.7737567424962846
        ],
        [
          0.14522189954800843,
          0.7707510680574922
        ],
        [
          0.1598906913774949,
          0.7704294075393717
        ],
        [
          0.17459188921312138,
          0.7696695225462536
        ],
        [
          0.18885239047619168,
          0.7705053007554696
        ],
        [
          0.20325443077123034,
          0.7734630996635067
        ],
        [
          0.21712608573612516,
          0.778092498364453
        ],
        [
          0.23100337555934788,
          0.781644439251217
        ],
        [
          0.11305240830183136,
          0.7930412469319222
        ],
        [
          0.12871950980179592,
          0.7886551467126444
        ],
        [
          0.1442236487241351,
          0.7857635978529217
        ],
        [
          0.15868267585670087,
          0.7844994878255807
        ],
        [
          0.17261236921162867,
          0.7832615851907705
        ],
        [
          0.18703489595265535,
          0.7845839430010156
        ],
        [
          0.20124152582252172,
          0.7871553202052866
        ],
        [
          0.21459008045160785,
          0.7892183067059354
        ],
        [
          0.2285377386327975,
          0.7936306511902301
        ],
        [
          0.1123441422389591,
          0.8086005349750603
        ],
        [
          0.12775357552318595,
          0.8037323239505866
        ],
        [
          0.14199798719890463,
          0.8004316323545622
        ],
        [
          0.15661233372485292,
          0.7991274204593071
        ],
        [
          0.1710183732093103,
          0.7975909409435926
        ],
        [
          0.1847193688298697,
          0.7977755300341852
        ],
        [
          0.19913085432866148,
          0.7996019151430488
        ],
        [
          0.21234766494182988,
          0.8019415082960142
        ],
        [
          0.2266367008809475,
          0.8057799023448243
        ],
        [
          0.11322334883706046,
          0.8259699297327051
        ],
        [
          0.12684553091423023,
          0.8197116608600999
        ],
        [
          0.14160043489233834,
          0.8158038899857051
        ],
        [
          0.15569542993309085,
          0.8136143013351695
        ],
        [
          0.16958421072225438,
          0.8129129843165482
        ],
        [
          0.18352668046146564,
          0.8129129843165482
        ],
        [
          0.1969570954459712,
          0.8139266681705039
        ],
        [
          0.21091678803284056,
          0.8156655314954484
        ],
        [
          0.2248034825749391,
          0.820178347104321
        ],
        [
          0.11430628496313262,
          0.8423696911291808
        ],
        [
          0.1277750145895641,
          0.8381161723815983
        ],
        [
          0.14148298880222365,
          0.8335442026088092
        ],
        [
          0.15501212090964847,
          0.8304660661198382
        ],
        [
          0.1686614153722719,
          0.8293534836878419
        ],
        [
          0.18251284292700418,
          0.8287295797821976
        ],
        [
          0.19598669853850956,
          0.8296566399783526
        ],
        [
          0.209865630693388,
          0.8319764964712646
        ],
        [
          0.22370547376319275,
          0.8363779361586988
        ],
        [
          0.11502437570809543,
          0.8616122720909224
        ],
        [
          0.12864995990969808,
