{
  "fixtureTypeFromLib": "alphaBeam1500",
  "home": {
    "x": 0.1744328870405229,
    "y": 0.7922748391056202,
    "r": 0,
    "frost": 0,
    "focus": 0,
    "dim": 0.8499999999999999,
    "shutterOpen": false,
    "colorWheelIndex": 0,
    "CTOin": false
  },
  "increment": {
    "x": 0.4,
    "y": 0.6,
    "r": 10,
    "frost": 10,
    "focus": 10,
    "dim": 25
  },
  "boundaries": {
    "x": {
      "min": 0,
      "max": 1
    },
    "y": {
      "min": 0,
      "max": 1
    },
    "r": {
      "min": 0.05,
      "max": 1
    },
    "frost": {
      "min": 0,
      "max": 1
    },
    "focus": {
      "min": 0,
      "max": 1
    },
    "dim": {
      "min": 0,
      "max": 1
    }
  },
  "translation": {
    "regression": {
      "degree": 4,
      "a": [
        -631.3770005991393,
        -64.96540880552533,
        3136.14832282177,
        130.73335033124135,
        277.716284889235,
        -5813.964354424992,
        -463.11974051580273,
        -40.53956997269711,
        -381.5747365795419,
        4768.062660632688,
        877.6708755372656,
        56.47571477778695,
        -5.0824586106116385,
        -630.4300179231409,
        -1461.3005959460636
      ],
      "b": [
        1169.8188053390775,
        -116.00432153435065,
        -5786.8494766313925,
        607.6398331280684,
        -366.93418550398815,
        10671.586998938059,
        914.9577419215991,
        -945.6963680514409,
        -86.78411050084722,
        -8704.65506342669,
        -252.72395856093954,
        -490.78666629653105,
        458.2339545921045,
        433.7355012178483,
        2653.354166299655
      ],
      "fitError": 0.00004212132014410712
    },
    "inverseRegression": {
      "degree": 4,
      "a": [
        0.07272964000341359,
        0.14714988675237298,
        0.02750904812039706,
        -0.0692905661465398,
        -0.004188808142414331,
        0.059956030828125395,
        0.05103576073915039,
        0.10823796427001696,
        -0.020107466395474755,
        -0.1353241947682143,
        -0.03634942376919571,
        -0.022424530226491705,
        -0.05173167077456135,
        0.0313974915604714,
        0.06903163731403479
      ],
      "b": [
        0.757551954321103,
        -0.06801765889402364,
        0.15412953285289682,
        0.08139681862359047,
        0.0029997517001354697,
        -0.21257884347647787,
        0.03245969954638206,
        -0.15665200424728942,
        0.03249375178607983,
        0.4004067806724027,
        -0.04056679781045403,
        0.05249263061783955,
        0.05094521534376041,
        0.0031897182011052095,
        -0.19200635652783998
      ],
      "fitError": 8.491756800966828e-7,
      "roundTripError": 0.000004947556105145087
    },
    "lastCalibration": {
      "calibPoints": [
        [
          0.08997131213593242,
          0.7654513989444829
        ],
        [
          0.10381291243726866,
          0.7597106963695639
        ],
        [
          0.11776641819103849,
          0.7526108999632528
        ],
        [
          0.13116102163523613,
          0.751538436394909
        ],
        [
          0.14597679499330085,
          0.7450956988381786
        ],
        [
          0.16044548839132763,
          0.7429236260806613
        ],
        [
          0.17369949482306155,
          0.7429236260806613
        ],
        [
          0.1903119015656349,
          0.7429236260806613
        ],
        [
          0.20807095776353074,
          0.7440107698265048
        ],
        [
          0.09375822105811406,
          0.7768349398356245
        ],
        [
          0.10778513354606994,
          0.7714806692515318
        ],
        [
          0.12071020930217126,
          0.7679711976118921
        ],
        [
          0.13486015221249179,
          0.7636852783852742
        ],
        [
          0.14908563112669643,
          0.7584400752447212
        ],
        [
          0.1624397848348454,
          0.7564000080581204
        ],
        [
          0.17680077610840397,
          0.7564000080581204
        ],
        [
          0.18888481215011255,
          0.7596883260485985
        ],
        [
          0.2072417152122606,
          0.7596883260485985
        ],
        [
          0.09693977435619452,
          0.7889070015168856
        ],
        [
          0.11059174952579741,
          0.7823714866953356
        ],
        [
          0.12278833553548224,
          0.7816049790509975
        ],
        [
          0.13712999975578738,
          0.7778754020772922
        ],
        [
          0.151925861515743,
          0.7717977187580526
        ],
        [
          0.16450920757338147,
          0.7717977187580526
        ],
        [
          0.1794837841935265,
          0.7708613715609695
        ],
        [
          0.1938103780697612,
          0.7711176381924182
        ],
        [
          0.21003151054770308,
          0.7737695929972173
        ],
        [
          0.09973631377985527,
          0.8003776225191713
        ],
        [
          0.11371208896105076,
          0.7950888373008552
        ],
        [
          0.12664581462629773,
          0.7912372182728632
        ],
        [
          0.14015073664848482,
          0.7878572509479898
        ],
        [
          0.15397918182359874,
          0.7848699745613014
        ],
        [
          0.16768529243252606,
          0.7848473989744424
        ],
        [
          0.1817460962393079,
          0.7848473989744424
        ],
        [
          0.1968510961861532,
          0.7856035092963918
        ],
        [
          0.21223275469745398,
          0.7879946563231623
        ],
        [
          0.10205265194048034,
          0.8131959341543618
        ],
        [
          0.11567757875193699,
          0.8081328586853649
        ],
        [
          0.12961027861283242,
          0.8042366993593876
        ],
        [
          0.1429103605359105,
          0.8013008243282105
        ],
        [
          0.15518917911133343,
          0.8006706140563816
        ],
        [
          0.17000257101945906,
          0.7982023712372132
        ],
        [
          0.184352370113588,
          0.797985116977732
        ],
        [
          0.1994310004957611,
          0.7993769665483221
        ],
        [
          0.21414723771961144,
          0.8031861975659391
        ],
        [
          0.10345636948353228,
          0.8300530741255082
        ],
        [
          0.11777961289012276,
          0.823508944001794
        ],
        [
          0.13167684144068328,
          0.8191327072301329
        ],
        [
          0.1448502726955199,
          0.8163132637225524
        ],
        [
          0.15816100049445847,
          0.8143701932300534
        ],
        [
          0.1720400521619095,
          0.8139941089197112
        ],
        [
          0.18620566231544367,
          0.8137221846633094
        ],
        [
          0.2001316336330859,
          0.8146495701551466
        ],
        [
          0.21588556568429376,
          0.8186049407426492
        ],
        [
          0.10515859221555368,
          0.8468375524267034
        ],
        [
          0.11907681058419634,
          0.8411495085269564
        ],
        [
          0.13339148439399165,
          0.8352550612180047
        ],
        [
          0.1464545191440745,
          0.8329077232674993
        ],
        [
          0.15993514126453773,
          0.8305775584116044
        ],
        [
          0.17362747073087914,
          0.8302506783536596
        ],
        [
          0.1876390214150643,
          0.8302506783536596
        ],
        [
          0.20173757206641663,
          0.8324419804235061
        ],
        [
          0.21573361190261175,
          0.8363098855664075
        ],
        [
          0.1059447685072363,
          0.8638747417415387
        ],
        [
