{
  "fixtureTypeFromLib": "alphaBeam1500",
  "home": {
    "x": 0.13798920052367405,
    "y": 0.8306769826510988,
    "r": 0,
    "frost": 0,
    "focus": 0,
    "dim": 1,
    "shutterOpen": false,
    "colorWheelIndex": 0,
    "CTOin": false
  },
  "increment": {
    "x": 0.4,
    "y": 0.6,
    "r": 10,
    "frost": 10,
    "focus": 10,
    "dim": 25
  },
  "boundaries": {
    "x": {
      "min": 0,
      "max": 1
    },
    "y": {
      "min": 0,
      "max": 1
    },
    "r": {
      "min": 0,
      "max": 1
    },
    "frost": {
      "min": 0,
      "max": 1
    },
    "focus": {
      "min": 0,
      "max": 1
    },
    "dim": {
      "min": 0,
      "max": 1
    }
  },
  "translation": {
    "regression": {
      "a": [
        -4.72618857386946,
        1.364795761592922,
        10.635696878286145,
        6.956626264502484,
        0.2381848569733217,
        -6.987232093841183
      ],
      "b": [
        -12.269676494929898,
        2.3701325592664135,
        24.694032951952728,
        6.320321446189348,
        -21.690177359077442,
        -11.880783048759609
      ]
    }
  },
  "connection": {
    "net": 0,
    "universe": 15,
    "subnet": 15,
    "address": 29
  },
  "control": {
    "gamepad": {
      "typeFromLib": "xboxOneControllerDefault",
      "mappingFromLib": "legacy"
    }
  }
}